210X1,1
210X10,1
210X102,1
210X106,1
210X118,1
210X119,1
210X12,7
210X142,1
210X149,1
210X15,2
210X152,1
210X153,1
210X154,3
210X158,3
210X164,1
210X167,1
210X174,6
210X177,1
210X180,1
210X188,2
210X189,1
210X190,1
210X2,2
210X207,2
210X27,5
210X36,5
210X52,3
210X6,5
210X85,5
210X95,2
220X13,1
220X143,1
220X167,5
220X217,1
220X247,1
220X274,1
220X279,1
220X28,1
220X29,1
220X290,1
220X296,1
220X3,2
220X30,1
220X31,2
220X348,1
220X350,1
220X352,1
220X404,1
220X412,1
220X444,1
220X468,2
220X500,2
220X510,2
220X540,1
220X55,2
220X9,2
261X229,2
261X347,1
261X378,2
261X381,2
261X387,2
261X405,1
261X416,1
261X434,3
261X461,1
261X471,1
261X475,1
261X568,1
261X662,2
310X115,4
310X12,1
310X13,1
310X132,3
310X148,2
310X150,7
310X153,3
310X156,3
310X202,2
310X31,1
310X33,6
310X44,2
310X9,1
311X1,2
311X66,2
311X7,3
311X9,2
312X131,1
312X165,1
312X214,1
312X280,1
312X379,1
312X380,1
312X386,2
312X423,1
312X462,1
312X463,3
312X558,1
312X561,1
312X57,2
312X570,1
312X584,1
312X63,1
312X65,1
312X66,5
312X69,3
312X693,1
312X695,1
312X742,1
312X778,2
312X779,1
312X782,2
312X783,2
312X784,1
312X785,7
312X81,1
330X11,1
330X1129,1
330X1132,2
330X118,1
330X1188,2
330X1228,1
330X1252,1
330X146,1
330X155,1
330X224,1
330X248,1
330X431,2
330X442,1
330X458,1
330X472,1
330X508,4
330X575,1
330X576,1
330X590,1
330X597,1
330X669,2
330X81,1
330X935,2
330X975,1
340X105,2
340X138,2
340X17,1
340X173,1
340X196,2
340X197,1
340X25,1
340X26,1
340X28,2
340X29,1
344X118,3
344X156,5
344X175,1
344X212,1
344X224,1
344X231,1
344X28,1
344X282,1
344X299,1
344X356,1
344X358,1
344X359,1
344X364,1
344X367,3
344X60,2
344X76,1
360X1041,1
360X1074,1
360X131,2
360X132,1
360X185,1
360X262,2
360X273,1
360X327,1
360X336,1
360X358,3
360X520,2
360X628,2
360X644,1
360X742,1
360X778,2
400X136,2
400X15,2
400X30,1
400X72,1
400X74,2
400X97,1
400X98,1
420X12,1
420X188,1
420X192,1
420X193,2
420X200,1
420X217,2
420X31,2
420X4,2
420X70,2
420X73,4
420X91,2
420X95,1
420X98,3
440AX115,1
440AX122,1
440AX126,2
440AX128,4
440AX136,1
440AX137,1
440AX138,1
440AX143,1
440AX144,2
440AX166,1
440AX178,1
440AX187,1
440AX189,1
440AX196,2
440AX41,3
440AX43,1
440AX57,1
440AX66,1
440AX73,1
440AX74,2
440AX85,2
440AX89,2
440AX97,1
440AX98,1
520X233,1
520X237,1
520X243,1
520X252,1
520X258,3
520X259,4
520X260,1
520X261,2
520X263,2
520X305,1
520X306,1
520X380,1
520X400,1
520X46,1
520X73,2
750X1074,1
750X109,8
750X115,2
750X116,1
750X1192,1
750X1357,1
750X156,1
750X294,1
750X335,1
750X358,2
750X368,2
750X498,2
750X509,10
750X520,2
750X741,1
750X763,2
750X971,1
